avg_house_age,avg_rooms,avg_bedrooms,avg_income,population
6.823274165,8.137262993,3.5,66965.0447,22890.84154
3.525267865,5.931333447,3.5,78049.60465,42857.37096
5.898870691,6.25899478,3.5,84998.45891,28623.41032
6.530217218,5.951785743,3.5,58494.39811,29985.42516
5.703093086,5.734420556,4,73294.46147,32253.01802
4.751119279,7.999511288,4,68871.44738,40863.70121
6.412007716,7.465847143,4,68279.73798,47830.63145
5.349931577,5.768682534,4,55631.29777,30884.45099
6.67935313,5.919230725,4,74533.16208,49481.56581
6.583891772,7.120266466,4,65674.59699,34492.79331
5.44335959,6.988753539,4,64626.88098,27784.74228
7.85725643,6.683281712,4.25,84115.12106,21776.72769
6.731999392,7.617260642,4.25,73804.90862,40877.18912
5.138651815,6.325363471,4.25,53112.27806,40367.38387
6.635288857,4.490071755,4.25,58945.507,47225.66765
6.588424072,8.382505409,4.5,76695.53925,18904.66767
8.1006516,6.340960207,4.5,81167.4411,28713.96202
5.739521833,7.437009145,4.5,80077.9305,30774.39431
5.642095565,5.882091734,4.5,75885.49382,30067.4772
5.699427298,8.142936541,4.5,57905.49947,43341.08705
4.614316578,7.350019504,4.5,67270.83974,33036.30334
6.855708364,6.018646503,4.5,35454.71466,59636.40255
5.544221047,7.795138242,5,35797.32312,24844.20019
5.50113237,7.425284461,5,64544.01556,28596.11202
5.016626686,8.720522984,5.25,86557.25246,42757.44428
5.33803219,7.617082958,5.25,72204.15622,28943.15764
3.410785658,7.121999355,5.5,89056.92119,60658.29587
7.393603183,7.34670366,5.5,76613.08008,43250.98997
4.267184447,8.544649808,5.5,93838.09765,44138.00673
5.715546028,7.662476479,6,59273.42234,20353.16099
6.446537103,8.216773467,6,73969.66467,39663.85423
5.164251654,8.730904572,6,63427.81053,31689.93323
3.951706343,7.427763731,6,59467.85738,36436.49233
6.215553684,7.314935945,6,77628.22158,26257.11685
7.099048884,7.518523593,6.25,61214.74081,32254.39867
5.460823005,7.52809801,6.5,96395.3218,35036.19213
4.91548422,7.747907541,6.5,73732.21223,36734.7442
6.984684002,7.157023912,6.5,72143.42949,23823.81702
4.848597963,8.737215687,6.5,71410.11093,32504.30647
5.343725251,7.610386208,6.5,65614.78487,39353.68393
5.745688142,6.786491062,2.13,72007.4888,53713.27621
6.396024279,6.463455068,2.13,56697.58515,37973.36334
5.875820408,6.586904028,2.13,66098.57072,28433.85035
5.586270688,4.7844429,2.13,87927.96606,34724.16282
5.577267494,6.3480677,2.13,38139.91904,45899.7384
5.678509326,6.320235228,2.38,67877.02334,19524.09855
5.750618205,6.860745166,2.38,63797.99896,26626.53416
5.538018848,6.015787795,2.38,90201.40464,35220.86194
5.639329458,6.299807262,3.13,65736.34642,32964.01822
3.994323302,7.105746768,3.13,73726.17986,28666.77112
5.126392437,5.54403175,3.13,66989.73178,37017.09635
5.75682588,6.35315741,3.13,65423.24692,28914.79146
7.321305027,7.591328052,3.13,65013.21245,23039.88947
5.657841006,7.683993273,3.13,74102.19189,24041.27059
4.844972531,5.44895603,3.38,48904.98327,32960.75307
6.448721281,6.293756864,3.38,73438.58707,33285.95091
6.680591866,7.734862028,3.38,77064.25763,43570.94202
5.207715005,6.637287948,3.38,77057.17924,24459.79703
5.428227059,6.678787573,3.38,80980.26057,37340.98294
6.772487473,6.637597521,4.01,78788.43952,38656.43139
6.602366427,7.272131535,4.01,70839.34598,43347.1708
4.266359654,7.866833678,4.01,59867.84278,47726.25417
5.34770038,6.083193454,4.01,79159.30099,41296.72793
6.746762462,6.749401542,4.01,70698.78409,22987.66824
6.343953016,6.571655417,4.26,72441.37701,38368.28028
5.901451656,5.767366136,4.26,82906.6548,38820.48194
4.373086649,6.571056558,4.26,62635.25992,24348.02587
4.790862241,6.695281011,4.26,71784.01624,15554.28418
3.997533151,7.839552495,4.26,71392.47389,36009.70034
4.678508847,6.120781745,4.26,70189.00591,53705.13173
6.562633101,8.02971989,4.26,79292.80759,27772.67247
5.976152431,6.448118673,4.26,69013.36835,17180.48353
7.563724463,8.536813722,5.01,78981.10428,24386.95085
5.809960591,7.282240151,5.26,81439.20002,37565.54052
6.368083311,8.177970777,5.26,55473.73632,48021.89287
5.23519491,7.896371961,5.26,82777.06932,42582.93467
5.062524905,7.060038046,5.26,71501.1388,44428.1529
4.132176739,8.807527232,6.26,61654.69888,41909.50349
6.487943167,7.3313301,6.26,67019.07405,24997.10871
4.484345906,5.178078664,2.01,89502.84666,40836.13013
6.134660958,6.720772557,2.01,81922.74753,21677.01339
6.157624922,5.300798456,2.26,59030.17255,22803.09971
5.426837103,5.645458792,2.26,67907.05877,30268.35912
6.447874345,8.680824685,3.01,76948.4508,33189.80031
5.520824896,6.986629965,3.01,70029.50971,23649.75549
4.849506719,8.303301694,3.01,86611.17802,45359.02795
5.902295849,8.077577938,3.01,73279.0309,13981.43549
4.396518014,6.942531097,3.01,96899.01259,50292.66772
6.65834561,7.889947558,3.01,58978.22219,44071.60463
8.176696667,5.332264568,3.01,75299.61257,34129.24179
5.736088454,6.974916493,3.26,63016.11274,19815.60593
5.913557489,6.538802467,3.26,57630.37364,38748.5042
5.513337858,7.246699864,3.26,86343.43787,35780.35499
6.503451263,7.110081473,3.26,59466.8656,44825.81265
6.087360169,7.481321112,3.26,79412.83547,17568.73376
5.512505418,8.530697129,3.26,50857.09653,40790.18479
7.188236095,5.586728665,3.26,63345.24005,34310.24283
4.227764832,8.182415082,3.26,75376.9516,25548.51424
7.036672003,4.946874791,4.02,55573.61779,29352.86297
5.031460473,6.657811047,4.02,62399.28279,29409.21187
6.999134987,6.576762661,4.02,78491.27543,25616.11549
4.302756122,7.458554034,3.39,87835.27161,16250.76883
4.623909764,6.335303102,3.39,66626.53964,20257.79036
5.305041691,6.033643138,3.39,41007.45867,39526.56631
5.506412845,5.727202199,3.39,65907.94668,33303.5431
4.397922947,6.134831392,3.39,63499.83517,38263.48423
5.797958848,6.087284207,3.39,63015.68746,26673.88189
7.307595976,6.739136455,3.39,93822.30848,28555.78775
8.571796672,7.392164066,3.39,83814.10116,51538.0568
5.904536932,6.211583196,3.39,78555.93285,29758.99972
5.245242456,7.984941298,4.03,86563.09684,44920.24555
5.644641063,7.8743116,4.03,46890.5945,26406.00604
6.378851617,7.346886988,4.03,68696.34726,41856.71867
6.305722899,6.14846991,4.03,69173.67166,44935.37806
5.939669345,5.463987578,4.03,83973.30119,20159.92165
7.358643507,6.219018194,4.03,81858.57318,32549.99223
4.742984602,7.445724233,4.03,68488.61746,28298.49476
6.270914492,7.370286264,4.03,73278.8044,23586.38274
5.405141568,7.31212466,4.03,59580.33162,38525.2392
7.690493451,5.828975487,4.28,62566.7628,26717.60493
7.933583557,6.970127179,4.28,68211.28951,40808.98878
5.402040221,7.689611154,4.28,70021.88143,26767.53165
5.039400288,7.854884014,5.03,76087.15419,27616.09545
7.863844807,7.713449134,5.03,70643.17931,24298.96807
5.761755985,8.065659921,5.28,75735.3429,37268.26997
6.431119287,7.753988755,5.28,67716.74822,40562.18895
5.322287408,7.958894134,5.28,67877.02913,43300.95464
5.131804628,8.500956441,5.28,58822.04321,34141.83201
7.741143614,7.520857506,5.28,52835.26226,34537.001
7.181631073,7.915813274,6.03,48379.76694,50710.89573
7.826435952,7.320562834,6.03,66919.64032,18867.78162
5.425916412,7.691914339,6.28,71270.84203,40130.80794
6.134211464,7.655160572,6.28,65037.2592,27356.89574
5.379846131,7.584960109,6.28,67331.10428,40755.47267
6.341691523,7.697665856,6.28,73466.77183,43108.01999
5.345949188,6.672672496,2.02,57814.84583,32880.78811
5.790963732,6.978865478,2.02,64346.9875,32337.73286
6.471570205,5.862447871,2.02,63866.3679,33288.95842
6.744319216,5.806265555,2.02,59912.8239,38092.9276
7.515487093,5.909451928,2.27,73679.16564,19414.33715
7.05347343,5.110956386,2.27,49424.26712,18656.64243
4.692855436,6.010742815,2.27,89163.49859,44016.14744
5.535460544,7.911090902,3.02,62036.63113,14790.21577
4.152152601,7.115080039,3.02,77853.31613,38031.07264
7.107875819,7.696545879,3.02,82391.51875,33232.34234
7.534723194,7.301820955,3.02,63272.13067,46311.9563
5.923908294,7.378111938,3.02,72655.35365,38039.25299
6.505040047,7.406529543,3.02,67003.62956,28464.33389
5.990390366,6.968282497,3.02,50473.02312,50145.43371
7.239088188,6.156978417,3.02,64762.66102,32136.84415
4.764499308,7.168662411,3.27,63538.34616,43282.183
6.611320094,7.562436938,3.27,69312.98192,44237.12104
5.78089459,8.131984058,3.27,62702.36894,47285.46168
5.522890844,7.396697598,3.27,59611.33237,40395.08125
7.402303153,7.219763304,3.27,66733.63181,35193.2115
7.395256895,6.851841828,3.27,61827.54396,31309.43894
6.888923007,5.038789808,3.27,80321.4299,34229.57035
8.471765445,6.966071816,3.27,54037.58088,28696.17086
6.260993427,7.296984059,4.04,57671.35292,30496.29345
5.510088341,6.430482045,4.04,61134.78903,49167.47598
7.147581007,6.373991613,4.04,67868.79881,32732.16105
5.412044153,6.694668419,4.04,56349.97492,31048.99083
6.141594285,8.254735236,4.04,75434.55458,43181.90541
4.988407758,6.104512439,4.04,80175.75416,26748.42842
6.255893938,8.787824665,4.04,59060.69828,42956.53944
7.648392612,6.163236778,4.29,56780.50427,11019.05378
6.447963567,4.583869961,4.29,82713.91148,29936.39719
6.11305499,4.97716915,4.29,55040.23986,58040.67422
5.832827571,6.029160867,4.29,63584.04588,46340.18858
5.825433141,7.878756751,4.29,62034.98064,29194.00407
7.326976844,6.010627933,4.29,52420.52553,39766.41957
5.17708872,8.696622255,5.04,52399.74779,18116.61818
4.289916281,7.418750603,5.04,75954.81825,34467.7587
6.833278659,7.619593757,5.29,68214.14095,37311.66414
6.148563983,7.744385348,5.29,80775.9033,26601.55793
5.688956505,7.288819156,5.29,77504.80423,41864.78624
7.146246355,9.179993536,5.29,89089.43207,49782.15207
7.126074829,8.527952465,6.29,60509.04459,28410.30375
6.76379225,8.465664367,6.29,79702.38615,46270.33064
5.044783195,7.371143088,6.29,81570.54115,32485.40962
6.118808131,7.333554072,6.29,50218.70846,16810.78331
6.163256599,6.583689353,2.15,76415.54528,52719.91594
6.986028567,6.879693934,2.15,88222.04239,34795.32008
5.038331737,6.050791519,2.15,69376.19257,18226.17943
6.670542907,6.994015904,2.15,61536.55722,29346.7209
4.531777656,6.860860394,2.15,65986.81794,24056.60447
5.858178751,6.806409387,2.15,57697.07538,18281.73777
4.4506074,5.73495711,2.4,72405.65003,32748.7865
7.835039543,6.876103638,2.4,72792.67074,34104.36601
4.451224162,6.200118123,2.4,96397.58268,22681.92948
5.582573935,4.608842675,2.4,50362.53809,23611.05623
5.132972758,7.600035411,3.15,40394.03913,40852.29089
7.937686823,8.698234807,3.15,73158.73965,25175.43125
7.37925948,5.78215652,3.15,66126.80561,41997.44894
5.205708623,8.55876584,3.15,73388.47496,41648.10864
6.017827235,7.985199783,3.15,76255.78958,41297.07496
5.154517885,5.680143426,3.15,67785.93298,39757.58525
7.579366477,6.822502872,3.15,80778.5735,42462.02841
6.58861348,7.608873041,3.15,87626.94348,36654.46346
6.584041415,6.579368087,3.4,72994.02315,40449.96173
4.725540703,4.129733361,3.4,56103.917,41330.60856
5.745854007,5.627387829,3.4,74633.9417,30600.60461
4.540182059,8.553343472,3.4,76365.18056,19991.6334
5.9914286,7.044419781,4.05,51195.89533,30028.62167
7.754160967,6.916338174,4.05,58841.14292,39555.07059
6.375035825,6.728146141,4.05,73415.9945,41628.89274
4.778495431,7.551058857,4.05,76919.30072,52945.84342
5.297427696,7.459313335,4.05,72662.41472,50672.93037
5.939367843,6.46801691,4.05,67682.72889,37028.69622
5.474910834,6.322610857,4.05,80431.0356,34615.59849
7.143558507,5.579766055,4.3,65070.56701,24852.56515
4.950569548,7.654162707,4.3,83664.38976,39642.12993
4.788550242,5.097009554,4.3,61929.07702,24595.9015
5.241977551,6.169854621,4.3,71920.0673,29505.84117
6.486915564,7.212339702,5.05,79771.83047,30611.54333
5.640386034,8.521731896,5.05,54574.59402,44489.93171
4.455360136,7.40360063,5.05,79868.12243,54228.0749
5.352808826,7.474352636,5.05,67612.49203,40272.36565
5.642628713,8.560018879,5.3,80528.49774,37717.25395
4.676070219,7.132170434,5.3,64767.8677,26414.74742
6.514382102,8.137474862,5.3,82743.50931,41859.0724
6.458639941,7.690480496,5.3,79631.58777,50954.00198
6.249813527,7.685292055,6.05,74796.11323,40819.49744
5.743186901,8.04578157,6.3,54634.31766,41564.0063
5.289803667,5.532091955,2.03,54890.1033,32642.03744
7.133719417,7.173698882,4.06,52575.81517,41828.57962
6.06380321,7.141806348,4.31,69582.53631,51250.16387
5.591912688,5.409367878,4.31,83284.45152,24627.5489
6.618516283,6.414579249,4.31,74029.34982,36360.2738
3.430713498,7.38367476,4.31,76149.22102,30532.99239
5.370184661,6.574481135,4.31,62175.02197,31317.59839
5.60570332,6.633718839,4.31,61297.34624,26656.95172
6.598676143,6.63543391,4.31,58687.1013,29395.60249
6.61401468,7.308434245,4.31,80366.37481,42775.98296
6.249503548,7.474265068,4.31,62850.31598,37764.36224
4.37675375,8.422240324,4.31,66447.48322,48261.04959
6.544845531,7.214824119,4.31,57568.21705,34385.41316
5.799667345,7.601511718,5.06,62524.55636,19113.16875
7.03150132,7.345307871,5.31,85207.42505,40946.07085
6.214134474,7.298146653,5.31,68368.40084,28438.89283
6.46888744,7.925650145,5.31,64794.18248,43961.49998
6.39862599,8.258634923,6.06,72145.96721,28882.90085
7.346083967,7.798975121,6.06,62212.55965,40620.663
6.077935134,7.131393662,6.31,84776.70849,26952.55681
6.150067074,8.195579098,6.31,57980.95419,25053.9749
5.89150658,5.336534681,2.16,47422.74582,42771.40598
5.543674113,5.586250787,2.16,73886.08076,26038.50819
6.77233639,6.222862551,2.16,67932.01032,51145.32062
5.158354668,4.956271805,2.41,80488.78931,36743.26834
5.87836948,6.825453188,2.41,58110.57429,49355.97879
8.109898928,5.548906181,3.16,76395.64694,36758.32134
4.072354843,7.666556488,3.16,60846.61849,28172.06528
6.099760912,6.54354236,3.16,61830.2395,37688.39048
5.153049571,8.396902677,3.16,66925.19935,42590.68517
5.223108351,7.528388439,3.16,63555.45973,41839.48396
5.945138988,8.847869264,3.16,59278.94589,12351.7196
6.4653061,8.299836441,3.16,76221.793,30324.19143
5.255407345,8.205980045,3.16,76751.88142,32295.76549
3.55805376,7.006987009,3.16,47320.65721,15776.6186
6.488609409,6.777042814,3.16,56956.34414,57931.67323
4.786484164,7.476142093,3.16,66595.66324,42385.40082
4.842152843,5.183636552,3.16,46926.37115,53820.13278
5.335397148,6.00565649,3.16,70933.3988,40092.33616
7.028231823,7.906134096,3.16,41518.77939,40432.04524
5.656329034,7.571221642,3.41,63191.7671,33816.12473
5.384841407,8.776160034,3.41,51217.18116,47089.47508
6.67234006,7.883780977,3.41,63375.34848,45633.19224
6.68246297,5.764141193,3.41,62315.5837,47163.75462
6.966125283,6.724826745,3.41,66330.60572,38240.97788
5.773928786,5.898447428,3.41,76635.9532,39792.55162
7.208464266,6.33879562,3.41,94889.80041,31884.44031
7.456390109,6.844399336,3.41,63856.3085,31114.8974
7.07214566,5.378450454,3.41,72029.31286,42143.26281
5.853516746,7.915264179,4.07,74655.63476,22169.81837
5.142555284,7.586326004,4.07,61753.19158,39993.00632
5.084714868,5.186852796,4.07,74338.92771,18057.17178
6.62745694,8.011897853,4.07,86294.99909,47560.77534
6.194842465,7.486757259,4.32,63358.60592,38575.2732
4.927543161,6.41686771,4.32,89548.1483,39759.64821
5.359763922,5.892953879,4.32,76870.35628,25655.86712
7.394768108,9.269452625,4.32,58694.51502,49960.97724
7.25610679,9.46718066,4.32,71555.20942,30874.75666
5.127415452,6.542597958,4.32,91328.09244,49530.00034
6.182167977,7.301723912,5.07,96807.43691,29269.13734
6.461488895,7.19091541,5.07,54012.57272,21653.98468
5.486476594,7.841884408,5.07,62270.59377,56626.45629
6.377936931,7.736294493,5.07,76113.21733,26481.51177
4.384029823,8.88036332,5.07,89671.01982,15625.55284
5.273051063,8.032969243,5.32,56397.31914,27647.44869
5.048811273,8.521505522,5.32,55101.85478,41219.32149
6.106621062,8.385028696,5.32,70543.06722,31116.21596
5.560582195,8.309090815,6.07,65025.41599,30028.15861
6.233812726,7.252915778,6.07,37908.67586,39632.07979
6.740554121,7.346570952,6.32,70124.38688,51673.96267
6.855447634,8.234530691,6.32,57216.21282,35046.01314
6.492408962,8.78453631,6.32,59391.05678,64543.32245
5.575558319,5.91879841,2.04,69551.51226,56625.36806
6.082523082,6.918738309,2.04,61247.3319,61075.60218
6.350672042,5.305000412,2.04,66547.18175,16741.96499
5.773717163,6.68823017,2.04,71306.4573,43284.39716
6.680451317,6.261276083,2.29,75070.26257,44682.75733
6.614955944,6.259546627,2.29,73789.89048,47039.09228
5.416746592,6.425835416,3.04,85337.5516,31219.48869
5.554756972,7.999047643,3.04,82748.75136,20152.16961
6.831285142,6.135518448,3.04,61013.71988,34771.65985
6.791139211,8.696652481,3.04,56184.68313,24328.40566
5.296992962,6.830251968,3.29,65908.73975,24080.58935
5.473312141,6.614453128,3.29,60625.05748,33411.74223
8.554883548,6.160047887,3.29,79500.39895,32069.11741
5.437861629,6.100550699,3.29,57759.76528,49698.19872
6.266859797,7.010051889,3.29,60712.19769,47783.30489
5.157715794,6.592765037,4.08,71452.09168,42152.13605
6.084778056,7.256935779,4.08,58187.0494,31551.86373
3.824204216,7.360601848,4.33,53917.87223,44916.2914
6.861548028,6.923618932,4.33,69280.31627,40290.91149
5.565925802,6.04574936,4.35,81665.57835,34753.88289
4.473606695,5.924214538,4.35,80156.9857,43328.34367
6.181027602,6.677805687,4.35,73480.21476,19481.38513
7.120304395,5.907901094,4.35,63805.7006,48433.82079
5.646557664,5.64764585,4.35,69882.27393,19544.75196
7.499317992,7.903674878,4.35,56647.8825,39780.92727
5.592888618,7.105833643,5.1,51967.23585,21454.19944
6.547168411,7.015781826,5.35,77594.60276,24293.63308
5.529209121,7.545662803,5.35,92052.74763,47343.37139
4.454425782,8.509775274,6.1,75146.80359,55577.96645
6.723852343,7.647121762,6.1,78846.27009,41261.18878
5.497667056,7.121872007,6.1,56636.23819,47541.43176
5.831731673,7.170376066,6.1,80055.12605,44973.08598
5.405444821,7.207172822,6.35,57477.95076,23649.96887
5.515336829,6.271344624,2.18,59453.3183,26601.9215
5.666710988,6.305270066,2.43,81833.84152,25889.75459
7.155652805,4.620870486,2.43,65659.58698,40337.23425
6.744905835,6.596278185,2.43,82113.98201,51561.26314
5.303665743,8.65995966,3.18,81823.33891,31555.74311
7.470217818,6.862835727,3.18,55624.67129,45644.24346
6.90076533,6.904110044,3.18,78501.86123,34685.81562
6.178851435,6.707691832,3.18,64345.07143,48621.16851
5.754171633,6.375873463,3.18,54465.74737,7234.963521
6.17004566,5.90871987,3.18,67683.20307,31420.29924
7.727702169,7.350285077,3.18,76338.66814,50620.20732
4.096517243,7.254217433,3.18,73145.73022,49463.37888
4.901817799,6.396268006,3.18,70969.9021,24833.64615
5.869786444,6.175532974,3.18,52801.97917,21518.04492
6.069486987,8.018121333,3.43,69342.37657,21641.97286
6.685863208,6.993422378,3.43,95997.6711,47128.88099
6.061531793,9.090851632,3.43,65573.46111,58195.45703
6.150061464,9.507527474,4.11,68785.85474,40634.94902
4.725552228,6.704201604,4.11,68791.79169,48423.32244
7.089530057,6.324137676,4.11,59691.06761,27769.5023
5.735932506,8.653682943,4.11,62006.20326,53450.07286
5.854885928,8.366570439,4.36,68988.29046,28734.93792
5.988783205,8.343125221,4.36,70329.40988,48077.26496
6.541530335,5.258021705,4.36,83896.35797,43672.62855
5.593939986,6.474991494,4.36,73212.4238,34019.97359
5.928585443,5.960675668,4.36,39294.03652,43183.5161
5.553856476,6.286928355,4.36,62554.55457,39403.95992
8.157806215,7.657627412,5.11,87978.41434,39586.43071
6.599434697,7.979877824,5.11,72288.6752,39146.9205
6.316474482,7.626221606,5.36,44566.93958,26564.19288
6.1183064,8.728825463,5.36,60015.33707,27854.68792
5.367615821,7.601754384,6.11,67424.18822,32412.84314
6.621485857,7.801897069,6.11,68195.03375,26921.60365
5.233093357,7.02405797,6.11,90691.208,20846.53982
4.854051621,8.197046931,6.11,65182.71263,48109.1123
7.354457916,8.78790783,6.36,68656.90677,43833.85344
5.378584047,7.022722482,6.36,73302.43748,43445.43917
5.494795166,7.565060629,6.36,67428.64356,40897.02521
5.053542724,6.541375695,2.31,87768.40474,45801.43319
4.710401083,6.455829823,2.31,65068.55453,29647.56431
6.119687512,6.083928892,2.31,81385.22312,47897.15663
4.940396705,5.636779395,2.31,63117.84405,43091.84514
5.641761883,6.297907807,2.31,38734.00522,38890.89276
4.861475959,5.34005839,3.06,62714.55443,41998.56888
7.128717544,7.723976058,3.06,70130.40794,34088.17913
3.446131154,7.048169832,3.06,53630.31681,43358.5705
7.090474728,8.101403538,3.06,61482.24479,50245.27162
5.795685418,7.877533794,3.06,67143.75045,32715.66074
7.31980876,6.287213171,3.31,63820.39648,28737.11076
5.187860246,5.336778219,3.31,56654.96239,25801.96593
5.87822948,7.661603454,3.31,48629.25183,53564.16323
5.645572559,6.925359976,3.31,55430.0968,36332.25465
6.033779428,7.607406817,3.31,64469.90967,29247.45536
5.506579633,4.882380596,4.12,58765.0402,30997.43904
7.070930483,4.407346082,4.12,80379.05536,54143.3287
5.875971757,5.227988168,4.12,81280.91056,34933.19629
5.685707175,5.776343122,4.12,71560.01989,40311.27626
5.507106334,6.503331288,4.12,40752.71424,41565.02608
5.258393115,6.873655818,4.12,69503.15045,45266.52944
5.646510162,6.896793461,4.12,81132.00429,32311.85324
6.855622576,6.051938963,4.37,57818.79941,37984.18798
6.332413014,5.960443411,4.37,67814.41734,35102.996
7.012357879,7.123989663,4.37,62991.4367,22993.79047
6.13879433,6.819864844,4.37,77587.94723,37280.44201
5.133139188,7.536935464,5.12,75289.63147,21667.43584
7.329765059,8.071888739,5.12,60555.03963,46257.12379
4.96994317,7.639188434,5.37,67125.14983,22651.11135
7.912276047,8.437966416,5.37,61978.84805,56957.18775
5.83835012,8.657342635,5.37,70205.72154,26973.43343
6.350233498,7.095461431,6.12,65643.86248,48882.49036
3.992420475,7.332769653,6.12,75547.84162,40043.10216
6.240501135,7.151434764,6.12,60685.9264,27530.56599
4.899213193,7.254178536,6.12,62406.53099,30541.09938
6.346079744,9.268966847,6.12,66537.25272,53721.14129
3.606331313,8.942770576,6.37,79023.72048,22984.03653
7.006155746,7.568819656,6.37,69604.42775,40684.07772
4.971603712,6.34099626,2.19,93763.11282,44047.91117
4.174159402,5.728891849,2.44,72083.34088,36471.45807
6.562289095,6.345069812,2.44,82665.22495,35513.45835
7.101270018,6.336485313,2.44,74286.58229,33439.44416
7.989983675,6.411736421,2.44,73030.84297,28426.01862
4.85783342,5.35501255,2.44,65913.86161,12450.57847
6.313891361,6.370260765,2.44,90863.99999,41837.47517
5.594194544,4.794561406,3.19,85466.39026,38191.03227
6.175769773,6.826686285,3.19,74591.28235,28860.94534
6.027445797,6.464112096,3.44,52934.43579,46520.69219
6.569124436,5.614572016,3.44,71639.29691,28995.09305
6.995183898,7.098708924,3.44,52988.0296,37791.01751
4.826564705,7.111526404,3.44,79579.20471,31756.40564
6.411172314,8.500659314,3.44,79638.99807,37129.97368
6.058062233,7.528962417,3.44,64494.47976,29404.06758
5.701434831,6.550321993,3.44,76714.65477,31534.30517
5.84347617,8.025349287,4.13,49032.99778,36292.99616
5.933625869,7.124916623,4.13,82830.59353,32026.91225
6.94474747,5.543896647,4.13,51519.61854,43258.6446
5.8460953,6.84729811,4.13,66547.01645,27850.8229
6.013689621,7.966109181,4.13,86528.92654,27593.12576
6.433224496,7.321193643,4.13,68994.06553,44604.68131
5.122697838,4.65244912,4.13,87678.03656,35781.17461
5.806349904,5.614777225,4.13,75175.00476,25943.714
6.13806292,7.651811447,4.38,66496.72623,31227.03024
5.823225673,3.969631652,4.38,52868.32302,41849.05508
5.689564063,7.305667972,4.38,63797.57852,26094.90558
6.295500995,7.885507353,4.38,42969.65939,29594.08986
7.097452091,6.920409265,4.38,67947.39745,35681.15262
6.252128678,6.715733778,4.38,60741.56973,24534.37105
4.595920956,7.201635799,5.13,75179.90299,23978.0933
7.281983303,7.925986271,5.13,46474.31697,28182.0961
5.86588984,8.51272743,5.13,61287.06718,36882.1594
6.496651466,7.322709774,5.13,62484.8553,26882.65179
5.819522121,7.559578681,5.13,58832.50404,30200.10651
5.604261416,7.824070198,5.38,44439.87401,37934.96743
7.297532823,7.002864274,5.38,62207.47581,34317.53831
5.273336179,7.083305101,5.38,79632.26493,38074.1402
5.660218312,7.1419209,6.13,62829.04181,29277.53809
5.887072341,8.718919781,6.13,62443.29155,37078.68452
4.822111808,8.463520436,6.13,69350.18307,28747.09441
6.671579548,8.282587474,6.13,66300.50528,38501.9551
6.182507003,8.135098421,6.13,62087.47464,43013.79648
6.432299767,7.242866046,6.38,60457.64009,39182.48551
6.10770305,6.077955688,2.07,57191.89561,21518.52517
8.09422833,6.137134572,2.32,82241.09953,10951.34217
5.939369689,6.111658422,2.32,75967.13508,38897.09158
6.109440991,6.79627685,3.07,62755.45277,41525.3777
5.278236842,7.42863471,3.07,78583.26472,35271.71984
8.22391249,7.526951901,3.07,55421.16889,30995.20994
6.650993718,5.258696394,3.07,60018.89377,35188.91826
6.949391112,6.658163483,3.32,62612.9093,40789.82581
7.116575231,6.902485454,3.32,44180.46084,30809.96748
6.615403774,7.784817971,3.32,57327.98859,28945.546
5.92390639,6.445456691,3.32,73078.20409,54915.96178
5.606278582,7.046825652,3.32,72547.04742,39218.75914
4.944535979,7.32206761,3.32,61264.20153,43208.35656
4.567450436,5.193259488,3.32,53793.28059,37683.74582
6.474246,6.58902797,3.32,56868.10768,31060.20473
4.946107518,7.12451931,3.32,76259.82522,19262.61425
6.373443777,6.586336778,3.32,68217.68309,49240.84045
6.326840293,6.842533838,4.14,66148.03832,31574.41047
4.69282127,7.373720468,4.14,51797.30318,30640.17617
6.888762611,6.73937946,4.14,97669.06449,43203.27106
5.037141656,6.710463797,4.14,64975.66283,36975.05217
6.304319058,6.813231577,4.14,64076.90695,48697.73291
3.573485177,5.307994552,4.14,66197.49129,35919.85409
5.119668858,8.346175612,4.39,57847.31707,40208.77121
6.85020814,6.147313624,4.39,74354.23018,30091.11684
6.208898547,6.441304335,4.39,64316.12886,38159.2141
7.951206605,7.13125578,4.39,61310.28003,33201.05371
5.433570131,9.212518352,5.14,65081.58405,37594.49346
5.887433136,7.222302024,5.14,70073.50299,40109.82955
4.888150026,8.707379521,5.39,83801.82006,33184.55158
6.204954182,8.812217629,6.14,75171.7138,40621.11707
6.299268667,7.33029276,6.14,75491.79999,26013.68048
6.787648529,7.871352644,6.39,68898.34591,39515.57156
5.45223743,8.124571089,6.39,52723.87656,14802.08844
6.17278582,6.909676901,2.2,71758.58762,42115.14602
5.268005224,6.65029888,2.2,65817.20028,40674.78377
3.647654634,5.692281119,2.2,73257.26545,44882.48792
5.831725358,6.586285834,2.2,65896.42207,34170.33666
4.993286513,6.529445635,2.2,61581.04805,43070.51539
5.659123168,6.41017391,2.45,54476.23769,33533.91966
5.305891887,5.954193531,2.45,73334.68387,32270.8275
6.929277262,5.421475759,2.45,78054.14552,16143.66497
6.370638426,6.517625123,2.45,67258.58756,50955.57254
7.309191879,7.370992683,3.2,67922.60483,35447.92121
5.176103252,6.188016884,3.2,54028.10097,31319.53603
5.498112931,8.049264146,3.2,71946.51499,35094.18842
5.056598058,6.063146041,3.2,69500.89346,48767.40104
5.4688135,6.457118896,3.2,59933.13799,28593.00921
5.836562621,6.558826706,3.2,70438.39363,29990.62536
6.297568899,5.585896782,3.45,83149.78405,45985.94575
6.684347864,7.456185045,3.45,65087.71793,40283.24977
5.347447091,7.173425885,3.45,69284.25964,40282.72428
7.844341417,6.766797876,3.45,71348.72652,34405.94764
5.762634689,7.791948979,3.45,62016.68605,35750.28631
4.641900412,8.752957081,3.45,75318.69449,33280.5895
6.035878341,7.630095678,4.15,64601.80273,24117.45838
6.032244547,7.683664419,4.15,45520.55049,20070.2313
5.379704851,6.103863335,4.15,67846.04866,27442.09616
6.334101643,6.973586841,4.15,78115.63189,45024.29718
7.866885829,8.087219331,4.4,68386.82247,39138.87628
5.7809688,6.380818199,4.4,67351.23819,47175.78766
5.337521408,8.30426675,4.4,71108.05397,39238.48488
4.084091884,7.768766156,4.4,78646.30868,17551.70639
6.142591681,7.811724471,5.15,69277.89125,43717.91309
6.375424294,7.041855436,5.15,83201.02149,43837.42476
5.900963185,7.690169183,5.15,80577.73068,36463.03327
6.971445068,8.203236573,5.4,73984.73915,36773.03541
7.276200996,7.103840147,6.15,76170.95747,52111.97453
8.082879393,7.302751132,6.15,65566.35691,30117.17188
7.525690557,7.346028356,6.15,65380.31624,21641.4762
5.30217342,7.035171036,6.4,58557.13128,54167.34162
6.262176486,6.381162196,2.08,72792.14234,55997.84699
5.396988245,6.110021469,2.33,49220.03779,46981.9261
6.537043567,9.458466363,3.08,77906.18518,31399.75683
5.030503878,7.445576793,3.08,86260.711,23964.62352
6.352332251,5.36880436,3.08,69657.36279,29973.09356
4.695041507,6.06120811,3.33,83298.18337,33657.2392
6.373574216,5.548952363,3.33,73431.52793,31148.10331
5.446896644,7.817517771,3.33,87595.6028,43681.82811
6.485150517,6.995179318,3.33,71467.13016,39812.30642
5.642226206,6.210895018,3.33,69384.37075,46833.35898
5.625005408,8.456793269,3.33,81980.58906,41393.59402
5.316933287,6.768229399,3.33,75897.98884,34162.67061
5.813927735,5.071111867,4.16,67622.21961,35359.84847
5.353215988,6.007036494,4.16,55768.79192,47989.68021
7.030844864,6.629940742,4.16,76460.22067,46851.04219
5.01648718,6.65222125,4.16,66854.38762,41382.7259
6.045718887,6.868260849,4.16,77415.70269,11915.2811
4.689008912,8.244523476,4.16,73739.84754,38988.12797
7.225162105,4.869230945,4.41,64724.68649,43833.66369
6.926414307,8.340524425,4.41,94670.04592,39522.90957
7.036174701,6.57406578,4.41,65687.10668,17386.47595
6.374930066,6.736974131,4.41,66263.9105,49829.9515
8.090382963,6.927192257,4.41,82859.59165,60040.5473
7.118266013,7.871982757,5.41,79769.0529,22669.67412
4.847002321,8.672978876,5.41,80008.66783,45889.89049
7.143956543,7.584188396,5.41,67883.12867,34639.41154
6.301814027,7.375616033,5.41,58204.22309,46663.40274
4.069428648,7.171853554,6.16,61171.88271,41919.9011
6.03689561,8.84477396,6.16,62622.48379,48899.51382
6.791701023,8.386485036,6.41,42348.16246,33609.69466
5.615459976,6.524656914,2.21,73092.74131,43509.4584
5.395238142,5.790228359,2.46,83137.39364,30482.56459
7.798759363,6.858556208,2.46,69421.03242,38962.02283
6.99067676,6.833955902,2.46,74227.49523,25934.6492
5.960819538,6.606163705,2.46,97076.1645,39915.65678
6.542331605,6.30841522,2.46,61426.05608,24517.96844
7.777005685,6.114027236,2.46,72928.96581,38728.04346
4.911590617,7.446546032,3.21,76960.77907,55375.66821
7.647150882,9.086807717,3.21,61193.71483,33196.05984
5.930012207,7.636755304,3.21,80422.26188,51383.02413
5.765599756,7.112024107,3.21,56290.32129,27648.72339
5.403175673,5.671136343,3.21,67946.71468,35197.94257
7.985437862,7.175769541,3.21,74048.93539,27782.67006
6.012357693,6.765692399,3.21,55766.0996,45764.00499
6.478394832,6.040314057,3.21,60754.63362,29425.4062
4.750535737,6.854174621,3.46,58521.89628,44423.49869
6.193441139,6.952699366,3.46,64811.17139,40549.35681
5.064975334,8.708239446,3.46,56315.35158,40985.4772
6.743652961,9.468766369,3.46,85845.3178,46477.67868
4.758588072,6.422631236,3.46,82264.14522,37581.05338
4.717135602,7.883996339,3.46,70444.46273,41919.58394
6.902937655,6.927319958,3.46,67839.38147,26377.26824
5.733547356,9.699773329,3.46,55481.28674,42179.67004
7.443973586,6.714850223,4.17,70153.87583,31863.40005
6.578553646,7.383852503,4.17,70365.51451,29450.53049
6.831473302,6.654884952,4.17,87119.12147,34671.59841
6.160450827,6.858251904,4.17,85802.96828,26139.26853
4.196803531,7.212451501,4.17,71320.8678,47871.97184
6.384670072,7.171983086,4.17,74176.62541,37195.22371
6.581810116,5.210848294,4.17,63007.44681,27688.047
7.725265633,6.213020579,4.42,63324.58162,43281.57274
5.964918211,5.659969092,4.42,54858.82363,36228.83614
5.675103554,6.795504431,4.42,68270.75669,31159.28871
7.449827821,6.452137115,4.42,48125.48101,40090.90836
7.256935688,6.5736184,4.42,69667.17921,53056.062
5.952215218,5.28857279,4.42,75398.0768,42304.31774
4.403549081,8.419559831,4.42,68503.48554,34699.25818
6.924538814,8.210602123,4.42,78010.92038,44157.28659
6.022331787,5.918463832,4.42,80088.8839,34402.7529
6.486062242,6.458296196,4.42,53825.01308,27373.15328
4.001515766,7.05110773,5.17,75908.6705,35040.3312
7.163657225,7.75175405,5.17,61644.17361,27809.13508
4.666786166,9.086573466,5.17,63237.10995,33805.57856
6.674070665,7.524542188,5.17,57497.12815,43204.15762
6.62093276,8.21719757,5.17,78063.24199,37838.66199
5.733518858,7.883280646,5.17,56986.83313,43921.10884
7.230201662,7.626444055,6.17,68163.11524,36546.08012
5.726314645,7.347288004,6.17,79619.35414,34605.39462
7.152424503,9.293513239,6.17,76674.5221,43156.08678
6.025451861,5.552289862,2.09,67453.08131,49085.96278
4.925351457,6.109934625,2.34,59200.25436,22926.43546
5.327547311,6.086976868,2.34,63574.46622,34714.72072
4.638457767,5.971224419,3.09,88876.31715,29004.16405
4.818996769,6.134419623,3.09,54921.90981,49547.45563
6.161583148,6.214868825,3.09,81844.02711,36242.10575
7.892039099,8.069702211,3.09,68600.0416,39091.21823
6.559882632,7.337689237,3.09,72788.16706,31765.89773
6.612989198,4.993759778,3.34,42822.3111,29670.20231
5.50791348,6.995603466,3.34,61687.39442,45279.16397
7.003591866,5.187313979,3.34,72654.98754,27879.61891
7.603999923,7.04524851,4.18,42816.30589,47457.66221
6.810646579,5.617601976,4.18,65197.99542,28162.44064
5.259292374,7.816294812,4.18,57311.55413,21976.64612
7.089195735,6.809069106,4.18,84613.54293,43480.69971
7.006157365,5.943870379,4.18,78757.68198,20453.29519
7.746032249,5.216144084,4.43,82551.53961,40086.08586
6.084792831,6.464967336,4.43,64438.10915,40538.96124
5.189911336,7.191572627,4.43,61252.63767,40890.26603
6.105565961,7.492699747,4.43,68776.6667,37986.70179
6.420380544,5.929531324,4.43,65632.92598,42803.22141
6.623332829,7.60683155,4.43,46147.05306,27161.12861
7.721908811,7.6219751,5.18,68735.43661,27640.56129
5.719610134,8.022282698,5.18,69380.01131,28115.60316
4.128879951,7.522948688,5.18,60893.76408,49076.75735
4.573025536,8.951042093,5.43,71430.14216,45173.02171
5.921329615,7.589187928,5.43,70558.83907,24867.49764
6.018590243,7.007676166,5.43,59539.94845,58600.82715
7.461460905,7.803351176,6.18,78350.59665,23052.84681
7.628411185,7.025941328,6.43,62707.64801,29893.55183
5.257100922,7.435501715,6.43,48278.86016,51148.22512
6.223896597,7.289358525,6.43,62162.62813,47747.3639
6.375401943,6.857199036,2.22,49198.62891,44786.52968
5.459845342,5.014916517,2.47,56231.1618,52657.03375
8.76478554,6.122465225,2.47,68615.76709,51791.80812
6.250398044,5.586794442,2.47,40748.65309,46643.15684
6.970854746,5.935909326,2.47,84474.16006,38677.81515
6.455212025,6.397619485,2.47,87471.00446,58076.97359
5.575523167,6.932106078,3.22,104702.7243,22560.52713
6.570193583,6.399106708,3.22,87541.45288,31044.97947
3.983346134,6.611314226,3.22,89338.45337,41264.90672
7.296224497,5.928223473,3.22,69144.74571,19030.61549
6.317285888,7.305647049,3.22,68562.02453,35476.1688
5.496668278,6.337285588,3.22,67972.63008,27865.33079
6.471673727,7.064811136,3.22,63441.71465,48061.75267
5.608651533,6.269461559,3.47,66821.6312,33972.04751
5.800414355,6.70792918,3.47,62731.88604,22165.26157
5.722509283,6.169214911,3.47,73470.93316,32855.5057
6.287356151,7.485627782,4.19,60513.82583,31406.7848
7.841080502,7.472966963,4.19,61957.1543,38448.49148
3.979496081,6.15177134,4.19,66097.62203,37467.59631
4.499700732,7.776597852,4.19,48406.77931,43535.9315
5.45474325,7.463829891,4.19,63351.97898,31063.78152
5.790273451,5.895335124,4.19,66197.67377,55849.46922
7.079593805,5.153574703,4.19,66889.09941,20501.00582
8.139623645,7.546758004,4.44,60379.36154,43552.35859
5.009825502,6.688390329,4.44,77978.59004,39730.68309
6.114928189,7.318214495,4.44,75571.04402,33988.43586
5.997033358,7.746836473,4.44,67282.57297,42768.9123
5.753466993,7.42784464,4.44,71843.7589,27676.2714
6.733798591,7.624094724,5.19,84691.77031,22216.78721
5.951022992,8.351675153,5.19,62021.20355,35276.65257
6.291192186,7.609961509,5.44,60823.12775,35447.29494
7.149797416,7.239105418,5.44,81013.61529,45472.04945
5.393977714,9.359022454,5.44,67866.89993,43122.57418
4.597388768,7.39163972,6.19,67465.99562,22714.46906
6.488149399,8.695313159,6.19,63689.47544,36260.06673
5.11652218,7.215354749,6.19,81844.45584,51937.43709
5.308315438,7.8797343,6.44,73345.67319,46245.41557
5.534627544,7.210123361,6.44,74411.05989,43537.50295
6.264689378,8.070274676,6.44,73260.62822,25942.65579
5.16799482,6.946762926,2.1,68953.48361,13008.4873
6.068556846,6.906695715,2.1,51110.93411,38408.27206
5.530011009,6.621723068,2.1,63402.76833,32620.83746
4.235227141,6.045984022,2.1,62367.4524,23533.22446
5.00619309,6.675861804,2.1,52138.02993,32689.84966
6.016967885,6.031560914,2.35,61784.06494,27725.85566
5.364208038,7.502955795,3.1,68091.17968,44557.37966
7.51173035,7.083326348,3.1,51168.42859,30369.19312
6.872089194,6.105858132,3.1,74605.03536,31638.22991
6.548274287,6.539985895,3.1,70596.85095,51614.83014
4.581133357,6.426074813,3.1,53526.93343,51611.11364
3.749314681,5.326505509,3.1,48091.9974,42693.3202
4.494570528,4.725325117,3.1,44806.00516,57390.89007
4.528065613,5.675535153,3.35,53927.41281,37875.55012
6.379433341,8.811819905,3.35,91046.04178,37086.62106
6.091467944,6.649683873,3.35,58696.59298,21434.06366
5.665250632,6.783121452,3.35,72747.12903,35060.34863
5.764434518,7.111451,3.35,61300.28128,33922.63298
5.611454839,7.001947254,3.35,51874.09569,26197.83908
7.565375444,7.003715445,3.35,62317.21427,47836.24614
5.759500815,5.690506347,3.35,65987.71144,31771.52976
6.032404649,7.397905268,3.35,66887.15243,23806.23576
6.38901415,6.413906389,4.2,65935.57561,15217.77415
5.728201697,7.282106847,4.2,65697.82067,28742.12595
8.012087696,6.301235187,4.2,81030.83577,44372.94405
5.635466738,7.325973781,4.2,60910.89379,43347.804
5.368755237,8.078259173,4.2,90293.03121,26550.71254
6.422957743,7.357500686,4.2,71286.51245,36411.97409
6.412612335,6.730808678,4.45,63086.57687,41735.63536
4.751360343,6.394383439,4.45,64427.37437,25653.68792
6.1697979,5.860989362,4.45,48507.31369,36395.8883
5.637955685,6.65576281,4.45,51510.69878,31773.2889
4.757923141,5.577576305,4.45,88768.26323,39144.94759
5.100682906,7.090924494,4.45,75780.62112,34944.98176
6.75870203,7.249657848,5.2,65901.03035,20428.84875
4.391004045,7.841066299,5.2,54048.69105,42177.96629
5.625055396,7.343475871,5.45,85852.14918,33200.33784
5.158749774,7.748133072,6.2,68780.90722,36591.9573
6.748409478,7.883018684,6.2,68057.0658,52547.82917
5.169125316,7.361112812,6.2,96216.95427,42296.41995
7.20944363,7.153039164,6.2,55050.30809,29423.82757
5.375149492,7.723659864,6.2,63700.26247,38397.56695
6.162767487,7.109924045,6.45,69327.2601,31054.77532
5.146489985,7.510371291,6.45,79261.14911,36128.9901
6.034564071,7.573887966,6.45,70224.58213,43719.47956
5.727120468,7.668465841,6.45,77158.16601,28713.93152
6.319831312,7.253842719,6.45,93178.4867,42808.64778
4.869306181,4.414380866,2.23,52202.85372,42165.81246
5.557437326,6.017354465,2.23,71784.47362,30364.32419
5.88630988,5.571042791,2.23,59128.31877,45592.38758
5.904630857,6.398407812,2.48,86219.59857,44034.47735
6.420431489,6.649610243,2.48,66131.00223,40979.53039
6.91702898,6.441014974,2.48,45551.40297,49839.32178
6.359015225,6.206156512,2.48,84851.16007,34265.52637
5.488196879,6.509449186,2.48,72445.0333,69553.98833
6.583104681,5.914892235,3.23,75980.43884,40394.59349
4.199195527,7.691026671,3.23,86160.98932,47757.31798
6.259900934,6.67626537,3.23,86690.8733,42589.62439
6.449623481,8.726352815,3.23,78679.41867,57409.90796
5.624500144,5.967832307,3.23,77733.73119,32074.57599
7.606682442,8.416866964,3.23,60569.19993,16351.20287
7.369297225,6.442741924,3.23,59963.91404,39170.30806
5.613664582,6.598793212,3.48,66537.59487,39265.01197
7.002809147,6.744228166,3.48,56106.35671,46002.90396
6.463362271,5.625555164,3.48,68177.40477,23835.28645
5.805732788,7.425903425,3.48,59768.80592,26202.63146
6.249339485,6.976326471,4.21,68945.16871,30124.27236
6.033157792,6.633757595,4.21,85313.88545,23974.43557
5.205508259,6.462700239,4.21,76907.23816,21658.40932
4.671945839,9.067015091,4.21,57782.05703,37625.97415
5.3840355,6.539010241,4.21,65014.70734,23416.65945
5.133480582,6.076763139,4.21,66449.93044,18725.6066
5.51204449,7.15536834,4.21,80949.35558,40034.41955
5.100690298,7.15105968,4.21,68006.70919,43749.65673
6.289993194,7.21840033,4.46,62377.06447,39075.95638
6.414723236,8.492901229,4.46,73313.54538,37808.99667
6.034410757,6.718960081,4.46,72449.80441,44066.21298
5.160574116,7.64012721,4.46,72618.53846,37345.91172
4.809727597,7.670966483,5.46,80613.46057,35692.27654
5.034395311,7.575905116,5.46,97881.58728,37152.79934
6.396437855,7.506733034,5.46,73869.53552,25694.24731
6.120737116,7.35036172,5.46,77509.1378,18264.23005
6.25142505,8.535923451,6.21,63748.24248,47926.40802
4.862155018,7.714890984,6.21,64204.72064,46157.43916
5.636097586,7.405263291,6.21,54927.09073,46469.88645
7.81007319,8.095717321,6.46,87640.3957,39758.17777
7.163024214,7.112154127,6.46,65827.67224,31304.3067
5.582656343,7.826728312,6.46,85592.38221,25670.37861
5.022635609,8.072516313,6.46,51846.2825,24284.88173
7.007859628,8.256744443,6.46,62106.31455,34671.67549
5.952826666,8.368596561,6.46,67059.91769,35294.2836
6.076352847,6.743361593,2.11,43496.72566,35726.60563
5.430195078,6.111174616,2.11,76291.51429,29855.9068
5.611772057,6.867242299,2.11,67292.60387,41837.85872
6.758728424,6.808714574,2.11,68386.9825,37894.64968
6.265750503,6.888068683,2.11,59940.06513,27129.80378
4.976354641,6.09875013,2.11,66765.44516,38064.17691
7.103987534,4.384628713,2.36,75728.69859,46231.02645
5.784637307,5.654256368,2.36,69566.74303,37491.14691
5.642354239,6.765189075,2.36,76009.54276,52832.00406
4.752153194,8.354961507,3.11,79619.86427,36156.92049
6.496899759,8.425506427,3.11,74900.48595,42182.06843
6.006171337,7.794364246,3.11,67802.30909,36129.69101
6.749167399,6.673699291,3.36,87551.60113,26612.95953
6.614755417,6.25590011,3.36,85825.85915,13983.30125
4.676550551,5.348048645,3.36,62390.3331,37535.64382
6.227944968,7.651813065,3.36,70169.71055,35197.38496
5.334503838,6.250587876,3.36,69618.32901,30006.81461
7.116028518,5.329030779,3.36,53048.67251,46984.15576
5.483082949,6.065900195,3.36,59024.71066,36271.52986
5.39432198,5.68870348,4.22,58968.02847,50936.33086
6.663784944,7.314271487,4.22,64725.07438,46202.04599
4.519336224,7.513249158,4.47,64568.39188,44657.08091
7.531877907,6.909836773,4.47,84558.74602,26857.07715
7.397609154,7.097598214,4.47,76921.67563,44920.65789
5.756920804,6.616011706,4.47,81898.6447,31764.28212
6.389427717,4.840595055,4.47,85696.20394,24138.06628
6.186440468,6.288751536,4.47,75516.46278,35521.04918
4.374148491,6.350156836,4.47,85707.07875,10424.41625
5.677748504,7.788138382,5.22,66387.6838,22552.53591
6.44989432,7.529148738,5.22,71868.45489,42187.81234
7.964115419,7.523354623,5.22,71965.62103,48873.99434
7.009630788,7.537522483,5.22,79299.83606,39160.73778
5.900200398,7.514610864,5.47,49500.17911,25186.53741
3.802598991,7.554406493,5.47,54762.0543,58460.27986
6.095807993,7.896170057,5.47,77545.92569,52740.40917
5.677914141,8.221347384,6.22,68219.51472,42342.57799
5.722843373,5.833625637,2.24,90535.16522,42249.32493
6.283106165,5.715533352,2.24,61508.9836,36962.80755
6.152713586,6.705944616,2.24,69647.70865,41612.16759
6.324068041,6.771239177,2.49,82353.28923,31745.92453
6.036130224,6.193835463,2.49,67557.22185,18468.81419
7.882474748,5.164784648,2.49,66592.69314,37634.50034
6.268010007,6.776983485,2.49,81220.07057,32859.51765
6.919662892,8.266994398,3.24,74130.60632,49958.58099
7.609818796,5.536174784,3.24,81054.50952,45684.34153
6.5382289,6.895255219,3.24,65256.13923,37875.20166
4.633538535,5.495635406,3.24,58108.48878,37642.02655
5.314460215,6.686686133,3.24,77811.52203,33754.7378
5.748254776,6.867792808,3.49,61634.0358,46857.47027
7.174569183,8.343557927,3.49,53546.87214,45504.20369
6.327696005,6.86173918,3.49,72009.19847,59313.73912
5.938427862,8.763599419,3.49,63686.25989,18163.77362
6.372610689,8.869466561,4.23,73435.17519,36239.55617
7.477461908,7.496562287,4.23,59306.92663,34886.24678
4.756446026,7.766507124,4.23,73611.68863,38294.07598
5.299694,6.23461464,4.23,61200.72618,42789.69222
5.581331968,7.081653164,4.23,72392.88504,23997.45355
5.572560892,8.010396904,4.23,45557.52393,35042.99537
6.16784018,6.699457258,4.23,76824.55957,43904.62922
6.321321946,6.98124786,4.48,82973.92391,29611.52314
6.62829804,6.146798103,4.48,70520.27278,51639.30697
6.499624652,5.733121472,4.48,75167.81195,32966.1968
4.313977841,7.698764603,4.48,84439.85575,19835.24732
5.677800695,6.662371844,4.48,61839.6479,17244.97025
4.524854295,7.18934811,4.48,66915.88588,26897.13476
5.677637527,6.971331701,4.48,64721.5645,36115.81636
5.805220326,7.384763646,4.48,73267.90029,44674.46711
6.259884035,7.081332748,4.48,63558.346,37969.65867
5.351168919,7.797824782,5.23,75046.31379,34107.88862
5.679689281,7.002164062,5.48,74526.49852,32518.48449
4.754541898,8.341478373,5.48,67652.62265,44353.4468
5.232976852,7.963561805,5.48,73047.25329,37643.07771
6.818759161,7.570447111,5.48,75429.17898,36769.24968
8.389992287,7.063085614,6.23,64374.30729,23251.0467
6.175657448,6.507107742,2.12,62881.16212,22580.31276
5.695144684,5.780350789,2.37,73093.48649,41796.12563
6.779487239,6.525679549,2.37,61818.62001,25120.29892
6.982151725,6.038487979,2.37,66477.26279,32458.9867
5.789113537,5.935699281,3.12,64059.44247,27865.99607
5.13081313,7.015317326,3.12,61503.0406,37650.86971
7.861372123,6.990591389,3.12,66579.51999,35826.71023
7.675836001,8.822789405,3.12,77131.58343,34905.05477
7.955766597,7.826124971,3.12,76245.21847,32016.23476
6.202043174,6.55391587,3.12,71967.9268,40288.73471
5.63281885,8.299378649,3.37,75767.70342,27444.58556
5.741840454,6.787658333,3.37,75865.63461,30350.78086
7.827258508,6.493899315,3.37,79745.85949,39511.67912
5.574115562,6.587956937,3.37,58083.43234,30541.77661
5.892496999,6.708809212,3.37,51918.54687,24734.40652
3.738592971,9.654555761,3.37,80182.09303,15090.85119
6.376728984,6.220987362,3.37,93032.5417,35621.38271
5.784430241,4.425959447,3.37,73491.13443,30800.54106
6.262916946,6.345777149,4.24,66786.96918,33390.90991
7.405166506,5.448580097,4.24,79029.46045,48607.09542
6.333973361,8.051281302,4.24,55510.47214,26153.07274
6.841783399,7.366424943,4.24,69970.31801,33649.36857
5.363776862,6.871980381,4.24,72695.11514,48115.42078
6.279536891,7.325379539,4.24,59569.53734,31294.65246
5.386918411,6.330174374,4.24,76568.23475,30823.91047
5.674787892,6.850385846,4.24,62654.35948,36718.51231
6.503287315,6.868717214,4.49,77502.47402,39075.64028
5.254398751,8.952151664,4.49,81881.60723,62340.64
5.877790573,6.974424476,4.49,62948.73571,30494.50961
6.331567258,7.774634207,4.49,82989.9563,19372.74768
5.781019805,5.230196186,4.49,78403.63796,33686.36508
5.821447363,6.490128894,4.49,93579.11668,38977.93739
7.033461786,7.471432115,5.24,58858.02165,23978.58886
5.879915504,7.438630683,5.24,82610.44538,34880.77042
6.188441122,8.847507025,5.49,48747.15505,31266.90185
5.76757471,7.266027597,5.49,47065.0533,24125.87581
4.972306568,7.916386397,5.49,63890.47157,43416.49782
5.739410844,7.091808104,5.49,62085.2764,44922.1067
6.94352914,7.852759688,5.49,63445.86436,46462.31348
6.035992575,9.32025543,6.24,60992.53649,55947.96796
6.706442844,7.226916324,6.24,73177.6246,41971.16183
5.436306202,7.100753432,6.24,80659.52544,52947.03636
5.539684195,7.87004564,6.24,64595.73298,48444.1916
7.023894364,7.555095571,6.49,54743.73394,27692.26877
5.332464491,7.667315975,6.49,85668.89693,24272.72411
